,model,score_test,score_val,pred_time_test,pred_time_val,fit_time,pred_time_test_marginal,pred_time_val_marginal,fit_time_marginal,stack_level,can_infer,fit_order
0,LightGBMXT_BAG_L1,0.777107887579329,0.776968552610875,42.90949082374573,66.11783814430237,521.8874144554138,42.90949082374573,66.11783814430237,521.8874144554138,1,True,1
1,WeightedEnsemble_L2,0.777107887579329,0.776968552610875,42.918497800827026,67.30717349052429,572.5321714878082,0.009006977081298828,1.1893353462219238,50.64475703239441,2,True,3
2,LightGBM_BAG_L1,0.7059928897917725,0.7053796318341874,4.499074697494507,8.594098091125488,83.05583477020264,4.499074697494507,8.594098091125488,83.05583477020264,1,True,2
